{
  "model": "elasticnet",
  "split": "target",
  "features": "rdkit_descriptors",
  "train_time_seconds": 49.8,
  "n_train": 251532,
  "n_val": 65811,
  "n_test": 35531,
  "val_rmse": 1.291715269223416,
  "val_mae": 1.0597205773065814,
  "val_r2": -0.005221755791950056,
  "val_pearson_r": NaN,
  "val_spearman_rho": NaN,
  "test_rmse": 1.2672582440913933,
  "test_mae": 1.045044841497719,
  "test_r2": -0.035484413704810924,
  "test_pearson_r": NaN,
  "test_spearman_rho": NaN,
  "test_auroc": 0.5,
  "test_auprc": 0.715487883819763,
  "test_precision_at_100": 0.61,
  "test_precision_at_500": 0.588,
  "test_ef_1pct": 0.8582738029941904,
  "test_ef_5pct": 0.8782515994871435
}