{
  "model": "elasticnet",
  "split": "scaffold",
  "features": "rdkit_descriptors",
  "train_time_seconds": 60.6,
  "n_train": 282301,
  "n_val": 35288,
  "n_test": 35285,
  "val_rmse": 1.2801892581676944,
  "val_mae": 1.0516198341158565,
  "val_r2": -0.013460930152737527,
  "val_pearson_r": NaN,
  "val_spearman_rho": NaN,
  "test_rmse": 1.2737560598453788,
  "test_mae": 1.0426368773357482,
  "test_r2": -0.002881668305093843,
  "test_pearson_r": NaN,
  "test_spearman_rho": NaN,
  "test_auroc": 0.5,
  "test_auprc": 0.79515374805158,
  "test_precision_at_100": 0.67,
  "test_precision_at_500": 0.658,
  "test_ef_1pct": 0.7645748346709782,
  "test_ef_5pct": 0.8398381509879023
}