{
  "model": "elasticnet",
  "split": "random",
  "features": "rdkit_descriptors",
  "train_time_seconds": 60.0,
  "n_train": 282299,
  "n_val": 35287,
  "n_test": 35288,
  "val_rmse": 1.275570835490195,
  "val_mae": 1.051435346781324,
  "val_r2": -2.524774177481426e-05,
  "val_pearson_r": NaN,
  "val_spearman_rho": NaN,
  "test_rmse": 1.2736454240341584,
  "test_mae": 1.0488559565163698,
  "test_r2": -2.837387255838486e-05,
  "test_pearson_r": NaN,
  "test_spearman_rho": NaN,
  "test_auroc": 0.5,
  "test_auprc": 0.7711119927454092,
  "test_precision_at_100": 0.65,
  "test_precision_at_500": 0.718,
  "test_ef_1pct": 0.8731487266179119,
  "test_ef_5pct": 0.8572006902303999
}