{
  "model": "gnn",
  "split": "random",
  "train_time_seconds": 1410.9,
  "best_epoch": 88,
  "n_train": 282299,
  "n_val": 35287,
  "n_test": 35288,
  "test_rmse": 0.828703756241056,
  "test_mae": 0.6402263769863469,
  "test_r2": 0.5766360626501745,
  "test_pearson_r": 0.7601679977911506,
  "test_spearman_rho": 0.7456064562679815,
  "test_auroc": 0.8590557222953394,
  "test_auprc": 0.9510985569173185,
  "test_precision_at_100": 1.0,
  "test_precision_at_500": 1.0,
  "test_ef_1pct": 1.296828488478924,
  "test_ef_5pct": 1.2924175072255943
}