{
  "model": "mlp",
  "split": "target",
  "features": "morgan_fingerprint",
  "train_time_seconds": 593.3,
  "n_train": 251532,
  "n_val": 65811,
  "n_test": 35531,
  "val_rmse": 1.288695019982615,
  "val_mae": 1.0155202719030159,
  "val_r2": -0.000526493682635909,
  "val_pearson_r": 0.41101814214195853,
  "val_spearman_rho": 0.383606509974312,
  "test_rmse": 1.0901649581443673,
  "test_mae": 0.8511732672961709,
  "test_r2": 0.23370189415501574,
  "test_pearson_r": 0.526938001614831,
  "test_spearman_rho": 0.47339857399027496,
  "test_auroc": 0.7178006211719524,
  "test_auprc": 0.8623844426242557,
  "test_precision_at_100": 0.94,
  "test_precision_at_500": 0.974,
  "test_ef_1pct": 1.3543403129816585,
  "test_ef_5pct": 1.3748257565448385
}