{
  "model": "mlp",
  "split": "scaffold",
  "features": "morgan_fingerprint",
  "train_time_seconds": 707.6,
  "n_train": 282301,
  "n_val": 35288,
  "n_test": 35285,
  "val_rmse": 0.910405335140658,
  "val_mae": 0.7054047559776152,
  "val_r2": 0.48745943709805895,
  "val_pearson_r": 0.6988767187255274,
  "val_spearman_rho": 0.6796090617557249,
  "test_rmse": 0.9053428304947396,
  "test_mae": 0.6968465085388861,
  "test_r2": 0.4933555378001926,
  "test_pearson_r": 0.7045462225382731,
  "test_spearman_rho": 0.6887873128653338,
  "test_auroc": 0.8418947556538542,
  "test_auprc": 0.9505750242371629,
  "test_precision_at_100": 1.0,
  "test_precision_at_500": 1.0,
  "test_ef_1pct": 1.2576184196457212,
  "test_ef_5pct": 1.2526278703614129
}