{
  "model": "mlp",
  "split": "random",
  "features": "morgan_fingerprint",
  "train_time_seconds": 646.7,
  "n_train": 282299,
  "n_val": 35287,
  "n_test": 35288,
  "val_rmse": 0.8219905726408466,
  "val_mae": 0.6211594696857662,
  "val_r2": 0.584725297179606,
  "val_pearson_r": 0.7660114012716543,
  "val_spearman_rho": 0.7478015769613265,
  "test_rmse": 0.8241790625409574,
  "test_mae": 0.6234639216974133,
  "test_r2": 0.5812465498571252,
  "test_pearson_r": 0.7638440184246967,
  "test_spearman_rho": 0.7460762789815691,
  "test_auroc": 0.8597765893412249,
  "test_auprc": 0.9509332215124259,
  "test_precision_at_100": 1.0,
  "test_precision_at_500": 0.998,
  "test_ef_1pct": 1.2931443166366543,
  "test_ef_5pct": 1.2909471801411512
}