{
  "model": "esm_fp_mlp",
  "split": "scaffold",
  "miscalibration_area": 0.17508598812268925,
  "calibration_expected": [
    0.09090909090909091,
    0.18181818181818182,
    0.2727272727272727,
    0.36363636363636365,
    0.4545454545454545,
    0.5454545454545454,
    0.6363636363636364,
    0.7272727272727272,
    0.8181818181818181,
    0.9090909090909091
  ],
  "calibration_observed": [
    0.04747059657078079,
    0.09468612724953947,
    0.1429786028057248,
    0.19311322091540314,
    0.24384299277313307,
    0.29973076378064334,
    0.3574890179963157,
    0.4231826555193425,
    0.4986254782485475,
    0.5933399461527561
  ],
  "uq_pearson_r": 0.020083006925398626,
  "uq_pearson_p": 0.00016149076355265117,
  "uq_spearman_rho": -0.0003050564176646516,
  "uq_spearman_p": 0.954305670767864,
  "selective_rmse_at_50pct": 0.8750847876933322,
  "selective_rmse_at_100pct": 0.8972182286770355,
  "selective_improvement_50pct": 0.02466896043378375,
  "n_targets_evaluated": 214,
  "per_target_rmse_median": 0.892024922891302,
  "per_target_rmse_mean": 0.9084105183124166,
  "per_target_rmse_std": 0.20347723967527748,
  "per_target_r2_median": 0.21313515431855007,
  "noise_n_clean": 35129,
  "noise_n_noisy": 156,
  "noise_clean_rmse": 0.8961624315733057,
  "noise_noisy_rmse": 1.109674686886464,
  "noise_rmse_delta": 0.21351225531315832
}