{
  "model": "mlp",
  "split": "target",
  "miscalibration_area": 0.30092799885375376,
  "calibration_expected": [
    0.09090909090909091,
    0.18181818181818182,
    0.2727272727272727,
    0.36363636363636365,
    0.4545454545454545,
    0.5454545454545454,
    0.6363636363636364,
    0.7272727272727272,
    0.8181818181818181,
    0.9090909090909091
  ],
  "calibration_observed": [
    0.019672961639132024,
    0.0428639779347612,
    0.06408488362275196,
    0.08603754467929414,
    0.10942557203568715,
    0.1349807210604824,
    0.16225268075764826,
    0.19658889420506037,
    0.23700430609889955,
    0.29343390278911374
  ],
  "uq_pearson_r": 0.12977211297097438,
  "uq_pearson_p": 3.01357848240897e-133,
  "uq_spearman_rho": 0.12577044234895174,
  "uq_spearman_p": 3.258136430820303e-125,
  "selective_rmse_at_50pct": 1.0081332523219517,
  "selective_rmse_at_100pct": 1.0901649581443673,
  "selective_improvement_50pct": 0.07524705798840436,
  "n_targets_evaluated": 44,
  "per_target_rmse_median": 0.9204598785298985,
  "per_target_rmse_mean": 0.9908244822241197,
  "per_target_rmse_std": 0.29425273500205373,
  "per_target_r2_median": -0.005175953227400887,
  "noise_n_clean": 35422,
  "noise_n_noisy": 109,
  "noise_clean_rmse": 1.0894273109697776,
  "noise_noisy_rmse": 1.3080293043777316,
  "noise_rmse_delta": 0.21860199340795394
}