{
  "model": "random_forest",
  "split": "random",
  "miscalibration_area": 0.11997253766410416,
  "calibration_expected": [
    0.09090909090909091,
    0.18181818181818182,
    0.2727272727272727,
    0.36363636363636365,
    0.4545454545454545,
    0.5454545454545454,
    0.6363636363636364,
    0.7272727272727272,
    0.8181818181818181,
    0.9090909090909091
  ],
  "calibration_observed": [
    0.05934028564951258,
    0.11896395375198368,
    0.18045794604398097,
    0.24560757197914304,
    0.30965200634776696,
    0.3759351620947631,
    0.44814101110859217,
    0.5230389934255271,
    0.6008558150079347,
    0.6959589662208117
  ],
  "uq_pearson_r": 0.14517611280647535,
  "uq_pearson_p": 1.7743711555405921e-165,
  "uq_spearman_rho": 0.1421629021546433,
  "uq_spearman_p": 1.0765799760971638e-158,
  "selective_rmse_at_50pct": 0.7599228021832516,
  "selective_rmse_at_100pct": 0.8184657982877056,
  "selective_improvement_50pct": 0.07152772446561673,
  "n_targets_evaluated": 271,
  "per_target_rmse_median": 0.7974339444428156,
  "per_target_rmse_mean": 0.8123467157803179,
  "per_target_rmse_std": 0.17023185583166958,
  "per_target_r2_median": 0.3969536397331451,
  "noise_n_clean": 35097,
  "noise_n_noisy": 191,
  "noise_clean_rmse": 0.8176220865431493,
  "noise_noisy_rmse": 0.9610086963116388,
  "noise_rmse_delta": 0.1433866097684895
}