{
  "model": "esm_fp_mlp",
  "split": "random",
  "miscalibration_area": 0.16685301209785453,
  "calibration_expected": [
    0.09090909090909091,
    0.18181818181818182,
    0.2727272727272727,
    0.36363636363636365,
    0.4545454545454545,
    0.5454545454545454,
    0.6363636363636364,
    0.7272727272727272,
    0.8181818181818181,
    0.9090909090909091
  ],
  "calibration_observed": [
    0.0507821355701655,
    0.10125255044207662,
    0.15141124461573338,
    0.20389367490364996,
    0.256092722738608,
    0.31075719791430517,
    0.3697574246202675,
    0.4356155066878259,
    0.5090965767399682,
    0.6026978009521651
  ],
  "uq_pearson_r": -0.002642002990578746,
  "uq_pearson_p": 0.619692500019003,
  "uq_spearman_rho": -0.010530395959427766,
  "uq_spearman_p": 0.04791401711956515,
  "selective_rmse_at_50pct": 0.7790128164723495,
  "selective_rmse_at_100pct": 0.7753475829494287,
  "selective_improvement_50pct": -0.004727213450486545,
  "n_targets_evaluated": 271,
  "per_target_rmse_median": 0.7686620828690917,
  "per_target_rmse_mean": 0.7802053410091448,
  "per_target_rmse_std": 0.17075599021925303,
  "per_target_r2_median": 0.4213482026537464,
  "noise_n_clean": 35097,
  "noise_n_noisy": 191,
  "noise_clean_rmse": 0.774054860297861,
  "noise_noisy_rmse": 0.9844863469109214,
  "noise_rmse_delta": 0.21043148661306044
}