{
  "model": "xgboost",
  "split": "target",
  "miscalibration_area": 0.04817688011237303,
  "calibration_expected": [
    0.09090909090909091,
    0.18181818181818182,
    0.2727272727272727,
    0.36363636363636365,
    0.4545454545454545,
    0.5454545454545454,
    0.6363636363636364,
    0.7272727272727272,
    0.8181818181818181,
    0.9090909090909091
  ],
  "calibration_observed": [
    0.07691874700965354,
    0.1491373729982269,
    0.22751963074498324,
    0.3068869437955588,
    0.38774591202048914,
    0.47198221271565677,
    0.5612563676789283,
    0.6543581661084686,
    0.7493456418338915,
    0.8467253947257325
  ],
  "uq_pearson_r": 0.013555398114581424,
  "uq_pearson_p": 0.010613439532642372,
  "uq_spearman_rho": 0.020787200488492877,
  "uq_spearman_p": 8.906334162847524e-05,
  "selective_rmse_at_50pct": 1.164264051543902,
  "selective_rmse_at_100pct": 1.1354859610135364,
  "selective_improvement_50pct": -0.02534429444171926,
  "n_targets_evaluated": 44,
  "per_target_rmse_median": 0.9543327216699327,
  "per_target_rmse_mean": 1.0032248394291154,
  "per_target_rmse_std": 0.2788520065196508,
  "per_target_r2_median": 0.06332339832345785,
  "noise_n_clean": 35422,
  "noise_n_noisy": 109,
  "noise_clean_rmse": 1.135356950291931,
  "noise_noisy_rmse": 1.1766619337400102,
  "noise_rmse_delta": 0.0413049834480792
}