{
  "model": "random_forest",
  "split": "scaffold",
  "miscalibration_area": 0.03656846200419955,
  "calibration_expected": [
    0.09090909090909091,
    0.18181818181818182,
    0.2727272727272727,
    0.36363636363636365,
    0.4545454545454545,
    0.5454545454545454,
    0.6363636363636364,
    0.7272727272727272,
    0.8181818181818181,
    0.9090909090909091
  ],
  "calibration_observed": [
    0.07773841575740399,
    0.1548533371120873,
    0.23709791696188182,
    0.31775542015020547,
    0.4026073402295593,
    0.490435029049171,
    0.5782060365594445,
    0.672892163808984,
    0.7695904775400312,
    0.8708799773274762
  ],
  "uq_pearson_r": 0.3379949492808196,
  "uq_pearson_p": 0.0,
  "uq_spearman_rho": 0.3338835728434856,
  "uq_spearman_p": 0.0,
  "selective_rmse_at_50pct": 0.7221844593092748,
  "selective_rmse_at_100pct": 0.9194385898641529,
  "selective_improvement_50pct": 0.21453758057296946,
  "n_targets_evaluated": 214,
  "per_target_rmse_median": 0.9270790615621147,
  "per_target_rmse_mean": 0.9285389960363444,
  "per_target_rmse_std": 0.1917283651311506,
  "per_target_r2_median": 0.2271517138496985,
  "noise_n_clean": 35129,
  "noise_n_noisy": 156,
  "noise_clean_rmse": 0.918830860224304,
  "noise_noisy_rmse": 1.0473482881377139,
  "noise_rmse_delta": 0.1285174279134098
}