{
  "model": "xgboost",
  "split": "random",
  "miscalibration_area": 0.017022268708394326,
  "calibration_expected": [
    0.09090909090909091,
    0.18181818181818182,
    0.2727272727272727,
    0.36363636363636365,
    0.4545454545454545,
    0.5454545454545454,
    0.6363636363636364,
    0.7272727272727272,
    0.8181818181818181,
    0.9090909090909091
  ],
  "calibration_observed": [
    0.09402629789163455,
    0.18978122874631603,
    0.28485604171389706,
    0.3795341192473362,
    0.47528905010201766,
    0.5695137157107232,
    0.6625765132622988,
    0.7587565177964181,
    0.85136590342326,
    0.937117433688506
  ],
  "uq_pearson_r": 0.21967470272306527,
  "uq_pearson_p": 0.0,
  "uq_spearman_rho": 0.19483310098273152,
  "uq_spearman_p": 6.532025542740359e-299,
  "selective_rmse_at_50pct": 0.7816613395808101,
  "selective_rmse_at_100pct": 0.8934775555453287,
  "selective_improvement_50pct": 0.12514720181893346,
  "n_targets_evaluated": 271,
  "per_target_rmse_median": 0.8769147193190808,
  "per_target_rmse_mean": 0.888076236425397,
  "per_target_rmse_std": 0.16085438908771882,
  "per_target_r2_median": 0.27393843876329793,
  "noise_n_clean": 35097,
  "noise_n_noisy": 191,
  "noise_clean_rmse": 0.8928999051525167,
  "noise_noisy_rmse": 0.9939407029239571,
  "noise_rmse_delta": 0.10104079777144037
}