{
  "model": "gnn",
  "split": "target",
  "miscalibration_area": 0.22712049145304608,
  "calibration_expected": [
    0.09090909090909091,
    0.18181818181818182,
    0.2727272727272727,
    0.36363636363636365,
    0.4545454545454545,
    0.5454545454545454,
    0.6363636363636364,
    0.7272727272727272,
    0.8181818181818181,
    0.9090909090909091
  ],
  "calibration_observed": [
    0.03360445807886071,
    0.07010779319467507,
    0.10793391686133236,
    0.1445779741634066,
    0.18502153049449777,
    0.22726633080971545,
    0.2750274408263207,
    0.3294587824716445,
    0.3986378092370043,
    0.4936815738369311
  ],
  "uq_pearson_r": 0.06560580176830165,
  "uq_pearson_p": 3.379499721932846e-35,
  "uq_spearman_rho": 0.07012230646277134,
  "uq_spearman_p": 5.609666644356627e-40,
  "selective_rmse_at_50pct": 1.1021772259012874,
  "selective_rmse_at_100pct": 1.1458278793414076,
  "selective_improvement_50pct": 0.03809529705736381,
  "n_targets_evaluated": 44,
  "per_target_rmse_median": 0.9799396726831564,
  "per_target_rmse_mean": 1.048798262077041,
  "per_target_rmse_std": 0.26042533231704323,
  "per_target_r2_median": -0.0632002158150956,
  "noise_n_clean": 35422,
  "noise_n_noisy": 109,
  "noise_clean_rmse": 1.1453923064558524,
  "noise_noisy_rmse": 1.2795475420606173,
  "noise_rmse_delta": 0.13415523560476483
}