{
  "model": "fusion",
  "split": "target",
  "miscalibration_area": 0.2831125700732523,
  "calibration_expected": [
    0.09090909090909091,
    0.18181818181818182,
    0.2727272727272727,
    0.36363636363636365,
    0.4545454545454545,
    0.5454545454545454,
    0.6363636363636364,
    0.7272727272727272,
    0.8181818181818181,
    0.9090909090909091
  ],
  "calibration_observed": [
    0.02535813796403141,
    0.04978750949874757,
    0.07387914778644002,
    0.09965945230925108,
    0.12653738988488925,
    0.15662379330725282,
    0.18949649601756213,
    0.22999634122315724,
    0.27604064056739186,
    0.3421237792350342
  ],
  "uq_pearson_r": 0.06036408084431932,
  "uq_pearson_p": 4.776026221669829e-30,
  "uq_spearman_rho": 0.04176111703368118,
  "uq_spearman_p": 3.407690534610271e-15,
  "selective_rmse_at_50pct": 1.0745264817004405,
  "selective_rmse_at_100pct": 1.137766860855575,
  "selective_improvement_50pct": 0.05558289780700698,
  "n_targets_evaluated": 44,
  "per_target_rmse_median": 0.9998984175998336,
  "per_target_rmse_mean": 1.0577992022696727,
  "per_target_rmse_std": 0.26642910441940576,
  "per_target_r2_median": -0.03174557118953797,
  "noise_n_clean": 35422,
  "noise_n_noisy": 109,
  "noise_clean_rmse": 1.1377345196608528,
  "noise_noisy_rmse": 1.148228611812031,
  "noise_rmse_delta": 0.010494092151178247
}