{
  "model": "random_forest",
  "split": "target",
  "miscalibration_area": 0.165667112713354,
  "calibration_expected": [
    0.09090909090909091,
    0.18181818181818182,
    0.2727272727272727,
    0.36363636363636365,
    0.4545454545454545,
    0.5454545454545454,
    0.6363636363636364,
    0.7272727272727272,
    0.8181818181818181,
    0.9090909090909091
  ],
  "calibration_observed": [
    0.04860544313416453,
    0.09732346401733698,
    0.14598519602600546,
    0.19957220455376995,
    0.25600180124398414,
    0.31558357490641975,
    0.3769665925529819,
    0.44454138639497903,
    0.5144240240916382,
    0.605921589597816
  ],
  "uq_pearson_r": 0.22086713773031907,
  "uq_pearson_p": 0.0,
  "uq_spearman_rho": 0.2006226745026724,
  "uq_spearman_p": 0.0,
  "selective_rmse_at_50pct": 0.8938920167400044,
  "selective_rmse_at_100pct": 1.0674024734040686,
  "selective_improvement_50pct": 0.16255392036962357,
  "n_targets_evaluated": 44,
  "per_target_rmse_median": 0.9113843202115446,
  "per_target_rmse_mean": 0.9580969303605698,
  "per_target_rmse_std": 0.27924383210473597,
  "per_target_r2_median": 0.1126413349412353,
  "noise_n_clean": 35422,
  "noise_n_noisy": 109,
  "noise_clean_rmse": 1.0669385315521585,
  "noise_noisy_rmse": 1.2087758581453123,
  "noise_rmse_delta": 0.14183732659315385
}