{
  "model": "fusion",
  "split": "random",
  "miscalibration_area": 0.23920828095051627,
  "calibration_expected": [
    0.09090909090909091,
    0.18181818181818182,
    0.2727272727272727,
    0.36363636363636365,
    0.4545454545454545,
    0.5454545454545454,
    0.6363636363636364,
    0.7272727272727272,
    0.8181818181818181,
    0.9090909090909091
  ],
  "calibration_observed": [
    0.034771026978009524,
    0.06849353888007255,
    0.10434141917932442,
    0.13987757878032192,
    0.17651892994785762,
    0.21514395828610292,
    0.2578496939469508,
    0.30554296077986853,
    0.3629562457492632,
    0.4411981410111086
  ],
  "uq_pearson_r": -0.04655798243286618,
  "uq_pearson_p": 2.125998498248876e-18,
  "uq_spearman_rho": -0.04524952752825853,
  "uq_spearman_p": 1.828144768975531e-17,
  "selective_rmse_at_50pct": 0.8021431029407357,
  "selective_rmse_at_100pct": 0.7927055227629737,
  "selective_improvement_50pct": -0.011905531003325587,
  "n_targets_evaluated": 271,
  "per_target_rmse_median": 0.7891103677231502,
  "per_target_rmse_mean": 0.7969818138829168,
  "per_target_rmse_std": 0.15085406788828137,
  "per_target_r2_median": 0.411463141137256,
  "noise_n_clean": 35097,
  "noise_n_noisy": 191,
  "noise_clean_rmse": 0.791568935066633,
  "noise_noisy_rmse": 0.9794190376764513,
  "noise_rmse_delta": 0.18785010260981838
}