{
  "model": "mlp",
  "split": "scaffold",
  "miscalibration_area": 0.2523529184433251,
  "calibration_expected": [
    0.09090909090909091,
    0.18181818181818182,
    0.2727272727272727,
    0.36363636363636365,
    0.4545454545454545,
    0.5454545454545454,
    0.6363636363636364,
    0.7272727272727272,
    0.8181818181818181,
    0.9090909090909091
  ],
  "calibration_observed": [
    0.029786028057248122,
    0.06152756128666572,
    0.0944877426668556,
    0.12798639648575882,
    0.16298710500212554,
    0.19838458268386,
    0.23704123565254356,
    0.2830664588351991,
    0.33793396627462097,
    0.4116196684143404
  ],
  "uq_pearson_r": 0.06558678072951109,
  "uq_pearson_p": 6.026742333949798e-35,
  "uq_spearman_rho": 0.05731668257360305,
  "uq_spearman_p": 4.517067819011436e-27,
  "selective_rmse_at_50pct": 0.8719142699133272,
  "selective_rmse_at_100pct": 0.9053428304947396,
  "selective_improvement_50pct": 0.03692364865047293,
  "n_targets_evaluated": 214,
  "per_target_rmse_median": 0.9061422690731347,
  "per_target_rmse_mean": 0.9124695959805293,
  "per_target_rmse_std": 0.19653214262812868,
  "per_target_r2_median": 0.23893595980438997,
  "noise_n_clean": 35129,
  "noise_n_noisy": 156,
  "noise_clean_rmse": 0.9048621545837311,
  "noise_noisy_rmse": 1.0077622876873515,
  "noise_rmse_delta": 0.10290013310362045
}