{
  "model": "gnn",
  "split": "random",
  "miscalibration_area": 0.31712299828940044,
  "calibration_expected": [
    0.09090909090909091,
    0.18181818181818182,
    0.2727272727272727,
    0.36363636363636365,
    0.4545454545454545,
    0.5454545454545454,
    0.6363636363636364,
    0.7272727272727272,
    0.8181818181818181,
    0.9090909090909091
  ],
  "calibration_observed": [
    0.016946270686919066,
    0.03496939469508048,
    0.053559283609158924,
    0.0729993198821129,
    0.09317615053275902,
    0.11414645205168895,
    0.13851734300612106,
    0.16824416232146905,
    0.20276014509181592,
    0.24960326456585807
  ],
  "uq_pearson_r": -0.02813706619997154,
  "uq_pearson_p": 1.2472277882758392e-07,
  "uq_spearman_rho": -0.03042024644621712,
  "uq_spearman_p": 1.093214136585113e-08,
  "selective_rmse_at_50pct": 0.8316237792493851,
  "selective_rmse_at_100pct": 0.8287037562410559,
  "selective_improvement_50pct": -0.0035236029598493257,
  "n_targets_evaluated": 271,
  "per_target_rmse_median": 0.8005881499099988,
  "per_target_rmse_mean": 0.8233211709087399,
  "per_target_rmse_std": 0.16143372956211222,
  "per_target_r2_median": 0.3738060033319519,
  "noise_n_clean": 35097,
  "noise_n_noisy": 191,
  "noise_clean_rmse": 0.8275113557372915,
  "noise_noisy_rmse": 1.0245195710369175,
  "noise_rmse_delta": 0.19700821529962598
}