{
  "model": "gnn",
  "split": "scaffold",
  "miscalibration_area": 0.3217166707460033,
  "calibration_expected": [
    0.09090909090909091,
    0.18181818181818182,
    0.2727272727272727,
    0.36363636363636365,
    0.4545454545454545,
    0.5454545454545454,
    0.6363636363636364,
    0.7272727272727272,
    0.8181818181818181,
    0.9090909090909091
  ],
  "calibration_observed": [
    0.01697605214680459,
    0.03281847810684427,
    0.05089981578574465,
    0.06898115346464503,
    0.0882811392943177,
    0.10928156440413773,
    0.13237919795947287,
    0.15930281989513959,
    0.1920646166926456,
    0.23723962023522743
  ],
  "uq_pearson_r": -0.05579031396477429,
  "uq_pearson_p": 9.847974337077826e-26,
  "uq_spearman_rho": -0.0575407796153751,
  "uq_spearman_p": 2.8532089439053844e-27,
  "selective_rmse_at_50pct": 0.9608057034685399,
  "selective_rmse_at_100pct": 0.9409209646534344,
  "selective_improvement_50pct": -0.021133272147283444,
  "n_targets_evaluated": 214,
  "per_target_rmse_median": 0.9367079922608645,
  "per_target_rmse_mean": 0.9413191425517385,
  "per_target_rmse_std": 0.18587605027425044,
  "per_target_r2_median": 0.16289983162951838,
  "noise_n_clean": 35129,
  "noise_n_noisy": 156,
  "noise_clean_rmse": 0.9400995004317069,
  "noise_noisy_rmse": 1.1105347750352597,
  "noise_rmse_delta": 0.1704352746035528
}