{
  "model": "xgboost",
  "split": "scaffold",
  "miscalibration_area": 0.0031844590155486827,
  "calibration_expected": [
    0.09090909090909091,
    0.18181818181818182,
    0.2727272727272727,
    0.36363636363636365,
    0.4545454545454545,
    0.5454545454545454,
    0.6363636363636364,
    0.7272727272727272,
    0.8181818181818181,
    0.9090909090909091
  ],
  "calibration_observed": [
    0.08947144679042086,
    0.18072835482499647,
    0.27184355958622647,
    0.3615417316140003,
    0.4508431344764064,
    0.5408813943602098,
    0.6312880827547116,
    0.7222049029332578,
    0.8093524160408105,
    0.903103301686269
  ],
  "uq_pearson_r": 0.16080720479218458,
  "uq_pearson_p": 4.93861051409897e-203,
  "uq_spearman_rho": 0.15141037821500666,
  "uq_spearman_p": 5.750981144171602e-180,
  "selective_rmse_at_50pct": 0.8815228389555196,
  "selective_rmse_at_100pct": 0.9608327185241855,
  "selective_improvement_50pct": 0.08254285895934499,
  "n_targets_evaluated": 214,
  "per_target_rmse_median": 0.9653613351308352,
  "per_target_rmse_mean": 0.9661084771462255,
  "per_target_rmse_std": 0.18891583161027412,
  "per_target_r2_median": 0.1454607526903871,
  "noise_n_clean": 35129,
  "noise_n_noisy": 156,
  "noise_clean_rmse": 0.9602256942452997,
  "noise_noisy_rmse": 1.0889423035130457,
  "noise_rmse_delta": 0.12871660926774597
}