{
  "model": "fusion",
  "split": "scaffold",
  "miscalibration_area": 0.2591237584860937,
  "calibration_expected": [
    0.09090909090909091,
    0.18181818181818182,
    0.2727272727272727,
    0.36363636363636365,
    0.4545454545454545,
    0.5454545454545454,
    0.6363636363636364,
    0.7272727272727272,
    0.8181818181818181,
    0.9090909090909091
  ],
  "calibration_observed": [
    0.02998441263993198,
    0.060393935099900806,
    0.09148363327192859,
    0.12231826555193424,
    0.15459827122006517,
    0.18976902366444665,
    0.2270086438996741,
    0.27005809834207173,
    0.32132634263851495,
    0.395380473288933
  ],
  "uq_pearson_r": -0.06063132861700965,
  "uq_pearson_p": 4.217074003955282e-30,
  "uq_spearman_rho": -0.06130077342421272,
  "uq_spearman_p": 9.830751987214023e-31,
  "selective_rmse_at_50pct": 0.9686230736325332,
  "selective_rmse_at_100pct": 0.94447231423927,
  "selective_improvement_50pct": -0.025570637729826373,
  "n_targets_evaluated": 214,
  "per_target_rmse_median": 0.9549124758055114,
  "per_target_rmse_mean": 0.9580890836377342,
  "per_target_rmse_std": 0.19092236857806566,
  "per_target_r2_median": 0.15469774568453826,
  "noise_n_clean": 35129,
  "noise_n_noisy": 156,
  "noise_clean_rmse": 0.9434896897294719,
  "noise_noisy_rmse": 1.144457649994709,
  "noise_rmse_delta": 0.2009679602652371
}