{
  "model": "mlp",
  "split": "random",
  "miscalibration_area": 0.25604763916654644,
  "calibration_expected": [
    0.09090909090909091,
    0.18181818181818182,
    0.2727272727272727,
    0.36363636363636365,
    0.4545454545454545,
    0.5454545454545454,
    0.6363636363636364,
    0.7272727272727272,
    0.8181818181818181,
    0.9090909090909091
  ],
  "calibration_observed": [
    0.03052029018363183,
    0.062315801405576965,
    0.09351620947630923,
    0.12519836771707096,
    0.15849580593969623,
    0.1947970981636817,
    0.23254364089775562,
    0.2761278621627749,
    0.32733507141237816,
    0.395771933801859
  ],
  "uq_pearson_r": 0.07057025941768584,
  "uq_pearson_p": 3.3302168622506577e-40,
  "uq_spearman_rho": 0.05739053548030696,
  "uq_spearman_p": 3.863848454281469e-27,
  "selective_rmse_at_50pct": 0.7857319850889384,
  "selective_rmse_at_100pct": 0.8241790625409574,
  "selective_improvement_50pct": 0.04664893734801523,
  "n_targets_evaluated": 271,
  "per_target_rmse_median": 0.8104325575058162,
  "per_target_rmse_mean": 0.8202407910218444,
  "per_target_rmse_std": 0.18595792539564215,
  "per_target_r2_median": 0.3616316389757387,
  "noise_n_clean": 35097,
  "noise_n_noisy": 191,
  "noise_clean_rmse": 0.8232533653815732,
  "noise_noisy_rmse": 0.9795408041646788,
  "noise_rmse_delta": 0.15628743878310558
}