{
  "model": "esm_fp_mlp",
  "split": "target",
  "miscalibration_area": 0.1864146801384706,
  "calibration_expected": [
    0.09090909090909091,
    0.18181818181818182,
    0.2727272727272727,
    0.36363636363636365,
    0.4545454545454545,
    0.5454545454545454,
    0.6363636363636364,
    0.7272727272727272,
    0.8181818181818181,
    0.9090909090909091
  ],
  "calibration_observed": [
    0.04387717767583237,
    0.08831724409670429,
    0.1333764881371197,
    0.17987109847738594,
    0.22827953055078665,
    0.28124736145900764,
    0.33871830232754496,
    0.4041541189383918,
    0.4807069882637697,
    0.5856575947763925
  ],
  "uq_pearson_r": 0.0526647217588683,
  "uq_pearson_p": 2.971151315340073e-23,
  "uq_spearman_rho": 0.04541894641738243,
  "uq_spearman_p": 1.07664244991343e-17,
  "selective_rmse_at_50pct": 1.1382202039675675,
  "selective_rmse_at_100pct": 1.1767250295773355,
  "selective_improvement_50pct": 0.0327220248077823,
  "n_targets_evaluated": 44,
  "per_target_rmse_median": 1.0205226558089393,
  "per_target_rmse_mean": 1.0669896908307293,
  "per_target_rmse_std": 0.3353322771830994,
  "per_target_r2_median": 0.05203829109349051,
  "noise_n_clean": 35422,
  "noise_n_noisy": 109,
  "noise_clean_rmse": 1.176916259683204,
  "noise_noisy_rmse": 1.1128413562821795,
  "noise_rmse_delta": -0.0640749034010244
}