{
  "model": "random_forest",
  "split": "target",
  "features": "morgan_fingerprint",
  "train_time_seconds": 76.2,
  "n_train": 251532,
  "n_val": 65811,
  "n_test": 35531,
  "val_rmse": 1.1882680264760932,
  "val_mae": 0.9419287363588783,
  "val_r2": 0.14933783805470469,
  "val_pearson_r": 0.45361476076880486,
  "val_spearman_rho": 0.4451767181790711,
  "test_rmse": 1.0674024734040686,
  "test_mae": 0.8338668837062583,
  "test_r2": 0.2653681970307863,
  "test_pearson_r": 0.5196275967922142,
  "test_spearman_rho": 0.46489666381980105,
  "test_auroc": 0.7058447957776326,
  "test_auprc": 0.844068540189254,
  "test_precision_at_100": 0.99,
  "test_precision_at_500": 0.964,
  "test_ef_1pct": 1.3307180982203504,
  "test_ef_5pct": 1.375612720343662
}