{
  "model": "random_forest",
  "split": "target",
  "features": "morgan_fingerprint",
  "train_time_seconds": 276.9,
  "n_train": 251532,
  "n_val": 65811,
  "n_test": 35531,
  "val_rmse": 1.1880432873241729,
  "val_mae": 0.941601720206666,
  "val_r2": 0.1496595819874924,
  "val_pearson_r": 0.45355002629397556,
  "val_spearman_rho": 0.4446328632245604,
  "test_rmse": 1.0689022396462036,
  "test_mae": 0.8346946743978351,
  "test_r2": 0.2633023408284051,
  "test_pearson_r": 0.5178926198595464,
  "test_spearman_rho": 0.46341501311269334,
  "test_auroc": 0.7045750470216859,
  "test_auprc": 0.8427548811367627,
  "test_precision_at_100": 0.99,
  "test_precision_at_500": 0.964,
  "test_ef_1pct": 1.3307180982203504,
  "test_ef_5pct": 1.375612720343662
}