{
  "model": "random_forest",
  "split": "scaffold",
  "features": "morgan_fingerprint",
  "train_time_seconds": 360.2,
  "n_train": 282301,
  "n_val": 35288,
  "n_test": 35285,
  "val_rmse": 0.9193562767765805,
  "val_mae": 0.7262861223219146,
  "val_r2": 0.47733147912338947,
  "val_pearson_r": 0.7056042430708093,
  "val_spearman_rho": 0.6918785783428555,
  "test_rmse": 0.9199585994962294,
  "test_mae": 0.7223421990046653,
  "test_r2": 0.47686505271331037,
  "test_pearson_r": 0.7118510264141655,
  "test_spearman_rho": 0.7044388556470389,
  "test_auroc": 0.844696147255294,
  "test_auprc": 0.9527077671477614,
  "test_precision_at_100": 1.0,
  "test_precision_at_500": 1.0,
  "test_ef_1pct": 1.2576184196457212,
  "test_ef_5pct": 1.255479612809589
}