{
  "model": "random_forest",
  "split": "random",
  "features": "morgan_fingerprint",
  "train_time_seconds": 86.6,
  "n_train": 282299,
  "n_val": 35287,
  "n_test": 35288,
  "val_rmse": 0.8122917718187431,
  "val_mae": 0.6265167568703606,
  "val_r2": 0.594467270420351,
  "val_pearson_r": 0.7737340220652137,
  "val_spearman_rho": 0.7589383557224364,
  "test_rmse": 0.8184657982877056,
  "test_mae": 0.6319669451886788,
  "test_r2": 0.5870320809814402,
  "test_pearson_r": 0.7688266511471064,
  "test_spearman_rho": 0.7536758911549243,
  "test_auroc": 0.8645136633184785,
  "test_auprc": 0.9526843743663943,
  "test_precision_at_100": 1.0,
  "test_precision_at_500": 0.998,
  "test_ef_1pct": 1.296828488478924,
  "test_ef_5pct": 1.2902120165989295
}