{
  "model": "random_forest",
  "split": "random",
  "features": "morgan_fingerprint",
  "train_time_seconds": 394.1,
  "n_train": 282299,
  "n_val": 35287,
  "n_test": 35288,
  "val_rmse": 0.812513390625213,
  "val_mae": 0.6266241133540922,
  "val_r2": 0.5942459560039821,
  "val_pearson_r": 0.7736100302958793,
  "val_spearman_rho": 0.758740801292053,
  "test_rmse": 0.818622237891123,
  "test_mae": 0.6323327096851372,
  "test_r2": 0.5868741984852156,
  "test_pearson_r": 0.7687703429528958,
  "test_spearman_rho": 0.7536122158313494,
  "test_auroc": 0.8645377370368907,
  "test_auprc": 0.9527223177644493,
  "test_precision_at_100": 1.0,
  "test_precision_at_500": 0.998,
  "test_ef_1pct": 1.296828488478924,
  "test_ef_5pct": 1.2902120165989295
}