{
  "model": "random_forest",
  "split": "scaffold",
  "features": "morgan_fingerprint",
  "train_time_seconds": 88.4,
  "n_train": 282301,
  "n_val": 35288,
  "n_test": 35285,
  "val_rmse": 0.9198057846986957,
  "val_mae": 0.7260476702596881,
  "val_r2": 0.4768202495095619,
  "val_pearson_r": 0.7050288871779229,
  "val_spearman_rho": 0.6913529041634795,
  "test_rmse": 0.9194385898641529,
  "test_mae": 0.721843581242396,
  "test_r2": 0.4774562930739389,
  "test_pearson_r": 0.7121770377688712,
  "test_spearman_rho": 0.7050636380795613,
  "test_auroc": 0.8448891490934565,
  "test_auprc": 0.9528855369728372,
  "test_precision_at_100": 1.0,
  "test_precision_at_500": 1.0,
  "test_ef_1pct": 1.2576184196457212,
  "test_ef_5pct": 1.255479612809589
}