{
  "model": "xgboost",
  "split": "target",
  "features": "morgan_fingerprint",
  "train_time_seconds": 192.3,
  "n_train": 251532,
  "n_val": 65811,
  "n_test": 35531,
  "val_rmse": 1.1896620681451617,
  "val_mae": 0.9521220892929132,
  "val_r2": 0.14734072278936905,
  "val_pearson_r": 0.4379927192443255,
  "val_spearman_rho": 0.41886138620677504,
  "test_rmse": 1.1145821217370386,
  "test_mae": 0.879146547191037,
  "test_r2": 0.19899087982786912,
  "test_pearson_r": 0.4534407081225993,
  "test_spearman_rho": 0.41040748466059007,
  "test_auroc": 0.673248819400281,
  "test_auprc": 0.8196086501161276,
  "test_precision_at_100": 0.97,
  "test_precision_at_500": 0.964,
  "test_ef_1pct": 1.3543403129816585,
  "test_ef_5pct": 1.3126556164377736
}