{
  "model": "xgboost",
  "split": "random",
  "features": "morgan_fingerprint",
  "train_time_seconds": 220.2,
  "n_train": 282299,
  "n_val": 35287,
  "n_test": 35288,
  "val_rmse": 0.8843454163563044,
  "val_mae": 0.7029257260033936,
  "val_r2": 0.5193315011169845,
  "val_pearson_r": 0.7258537298897598,
  "val_spearman_rho": 0.7032474816688047,
  "test_rmse": 0.8922013957889965,
  "test_mae": 0.7088200296941292,
  "test_r2": 0.5092717726558535,
  "test_pearson_r": 0.7184621606547218,
  "test_spearman_rho": 0.6970314496497797,
  "test_auroc": 0.8340273155578597,
  "test_auprc": 0.9419290914052572,
  "test_precision_at_100": 1.0,
  "test_precision_at_500": 1.0,
  "test_ef_1pct": 1.296828488478924,
  "test_ef_5pct": 1.2902120165989295
}