{
  "model": "xgboost",
  "split": "scaffold",
  "features": "morgan_fingerprint",
  "train_time_seconds": 110.9,
  "n_train": 282301,
  "n_val": 35288,
  "n_test": 35285,
  "val_rmse": 0.9515276562017336,
  "val_mae": 0.7548617316598794,
  "val_r2": 0.44011158088944435,
  "val_pearson_r": 0.6681652406895047,
  "val_spearman_rho": 0.6432831703039058,
  "test_rmse": 0.9608327185241855,
  "test_mae": 0.7570662235663258,
  "test_r2": 0.4293461741044059,
  "test_pearson_r": 0.6636743972703316,
  "test_spearman_rho": 0.6405301695940878,
  "test_auroc": 0.8117425035354249,
  "test_auprc": 0.9390933132589614,
  "test_precision_at_100": 1.0,
  "test_precision_at_500": 1.0,
  "test_ef_1pct": 1.2576184196457212,
  "test_ef_5pct": 1.255479612809589
}