{
  "model": "xgboost",
  "split": "random",
  "features": "morgan_fingerprint",
  "train_time_seconds": 110.4,
  "n_train": 282299,
  "n_val": 35287,
  "n_test": 35288,
  "val_rmse": 0.8864335646245027,
  "val_mae": 0.7050513797238726,
  "val_r2": 0.5170588776157704,
  "val_pearson_r": 0.7243106537409233,
  "val_spearman_rho": 0.7016102286102914,
  "test_rmse": 0.8934775555453287,
  "test_mae": 0.7100352296338951,
  "test_r2": 0.5078669429964296,
  "test_pearson_r": 0.7177453265898437,
  "test_spearman_rho": 0.6967427773149308,
  "test_auroc": 0.8337075527872241,
  "test_auprc": 0.9416476395479605,
  "test_precision_at_100": 1.0,
  "test_precision_at_500": 1.0,
  "test_ef_1pct": 1.296828488478924,
  "test_ef_5pct": 1.2887416895144863
}