{
  "model": "xgboost",
  "split": "target",
  "features": "morgan_fingerprint",
  "train_time_seconds": 200.8,
  "n_train": 251532,
  "n_val": 65811,
  "n_test": 35531,
  "val_rmse": 1.1925526680439467,
  "val_mae": 0.9546356418839106,
  "val_r2": 0.14319216463292994,
  "val_pearson_r": 0.4350939789741485,
  "val_spearman_rho": 0.41522585194638145,
  "test_rmse": 1.1354859610135364,
  "test_mae": 0.8884638543159343,
  "test_r2": 0.16866349007623316,
  "test_pearson_r": 0.4264404552274181,
  "test_spearman_rho": 0.39392548253469056,
  "test_auroc": 0.6616788966281224,
  "test_auprc": 0.8023686938565056,
  "test_precision_at_100": 0.95,
  "test_precision_at_500": 0.96,
  "test_ef_1pct": 1.3346551340139017,
  "test_ef_5pct": 1.278029209289535
}