{
  "model": "xgboost",
  "split": "scaffold",
  "features": "morgan_fingerprint",
  "train_time_seconds": 214.5,
  "n_train": 282301,
  "n_val": 35288,
  "n_test": 35285,
  "val_rmse": 0.9520560987476537,
  "val_mae": 0.7545087879398382,
  "val_r2": 0.43948952641336825,
  "val_pearson_r": 0.6673746780432817,
  "val_spearman_rho": 0.6409837187001649,
  "test_rmse": 0.957941615652802,
  "test_mae": 0.7551097080233959,
  "test_r2": 0.4327751514217334,
  "test_pearson_r": 0.6663052346953107,
  "test_spearman_rho": 0.6436526636013884,
  "test_auroc": 0.8132173847258799,
  "test_auprc": 0.9398670006353268,
  "test_precision_at_100": 1.0,
  "test_precision_at_500": 0.998,
  "test_ef_1pct": 1.2576184196457212,
  "test_ef_5pct": 1.2540537415855009
}