{
  "model": "fusion",
  "split": "target",
  "training_seed": null,
  "fallback_strategy": "zero",
  "output_suffix": "_fb_zero",
  "train_time_seconds": 368.7,
  "best_epoch": 9,
  "n_train": 251532,
  "n_val": 65811,
  "n_test": 35531,
  "test_rmse": 1.114539739364217,
  "test_mae": 0.8900742900887898,
  "test_r2": 0.19905179317840827,
  "test_pearson_r": 0.48039182510995443,
  "test_spearman_rho": 0.4353534594258021,
  "test_auroc": 0.6845383879944309,
  "test_auprc": 0.8423006444111333,
  "test_precision_at_100": 0.98,
  "test_precision_at_500": 0.984,
  "test_ef_1pct": 1.3818995635365177,
  "test_ef_5pct": 1.3433472045918944
}