{
  "model": "elasticnet",
  "split": "scaffold",
  "features": "rdkit_descriptors",
  "training_seed": null,
  "output_suffix": "_esm92",
  "train_time_seconds": 12.4,
  "n_train": 54325,
  "n_val": 6790,
  "n_test": 6787,
  "val_rmse": 1.32473263246918,
  "val_mae": 1.0782310097649233,
  "val_r2": -0.0008526846962397805,
  "val_pearson_r": NaN,
  "val_spearman_rho": NaN,
  "test_rmse": 1.317517574057123,
  "test_mae": 1.076728504319865,
  "test_r2": -0.009522961934752994,
  "test_pearson_r": NaN,
  "test_spearman_rho": NaN,
  "test_auroc": 0.5,
  "test_auprc": 0.8066892588772654,
  "test_precision_at_100": 0.75,
  "test_precision_at_500": 0.712,
  "test_ef_1pct": 0.9436025352688611,
  "test_ef_5pct": 0.8556770517638501
}