{
  "model": "elasticnet",
  "split": "random",
  "features": "rdkit_descriptors",
  "training_seed": null,
  "output_suffix": "_esm92",
  "train_time_seconds": 12.3,
  "n_train": 54321,
  "n_val": 6790,
  "n_test": 6791,
  "val_rmse": 1.3051390846537638,
  "val_mae": 1.0638790724842515,
  "val_r2": -0.00011813952796924099,
  "val_pearson_r": NaN,
  "val_spearman_rho": NaN,
  "test_rmse": 1.3104305404380605,
  "test_mae": 1.0669856509586992,
  "test_r2": -0.00015433940277831404,
  "test_pearson_r": NaN,
  "test_spearman_rho": NaN,
  "test_auroc": 0.5,
  "test_auprc": 0.8283021646296569,
  "test_precision_at_100": 0.86,
  "test_precision_at_500": 0.772,
  "test_ef_1pct": 1.0270965174129354,
  "test_ef_5pct": 0.9188216322517208
}