{
  "model": "elasticnet",
  "split": "target",
  "features": "rdkit_descriptors",
  "training_seed": null,
  "output_suffix": "_esm92",
  "train_time_seconds": 11.9,
  "n_train": 52772,
  "n_val": 12686,
  "n_test": 2444,
  "val_rmse": 1.1570888113237956,
  "val_mae": 0.9274792611211101,
  "val_r2": -0.057563079193973854,
  "val_pearson_r": NaN,
  "val_spearman_rho": NaN,
  "test_rmse": 1.3937581519680704,
  "test_mae": 1.1823033351245102,
  "test_r2": -0.5236554107438107,
  "test_pearson_r": NaN,
  "test_spearman_rho": NaN,
  "test_auroc": 0.5,
  "test_auprc": 0.6395253682487725,
  "test_precision_at_100": 0.46,
  "test_precision_at_500": 0.538,
  "test_ef_1pct": 0.781829814459373,
  "test_ef_5pct": 0.6664778746211049
}