{
  "model": "esm_fp_mlp",
  "split": "random",
  "training_seed": null,
  "fallback_strategy": "row0",
  "output_suffix": "_esm92",
  "train_time_seconds": 60.0,
  "best_epoch": 66,
  "n_train": 54321,
  "n_val": 6790,
  "n_test": 6791,
  "test_rmse": 0.6469803731083145,
  "test_mae": 0.46622423303441507,
  "test_r2": 0.7562069995069882,
  "test_pearson_r": 0.8701788643563962,
  "test_spearman_rho": 0.8639109265680487,
  "test_auroc": 0.9144245473603965,
  "test_auprc": 0.9793482278518086,
  "test_precision_at_100": 1.0,
  "test_precision_at_500": 0.998,
  "test_ef_1pct": 1.2072888888888889,
  "test_ef_5pct": 1.2072888888888889
}