{
  "model": "fusion",
  "split": "scaffold",
  "training_seed": null,
  "fallback_strategy": "row0",
  "output_suffix": "_esm92",
  "train_time_seconds": 260.2,
  "best_epoch": 71,
  "n_train": 54325,
  "n_val": 6790,
  "n_test": 6787,
  "test_rmse": 0.8581676335343238,
  "test_mae": 0.645136821774086,
  "test_r2": 0.5717004320001613,
  "test_pearson_r": 0.7590708470205998,
  "test_spearman_rho": 0.7349933676732296,
  "test_auroc": 0.8380986886067492,
  "test_auprc": 0.9544213869879503,
  "test_precision_at_100": 1.0,
  "test_precision_at_500": 0.998,
  "test_ef_1pct": 1.239634703196347,
  "test_ef_5pct": 1.239634703196347
}