{
  "model": "mlp",
  "split": "target",
  "features": "morgan_fingerprint",
  "training_seed": null,
  "output_suffix": "_esm92",
  "train_time_seconds": 66.8,
  "n_train": 52772,
  "n_val": 12686,
  "n_test": 2444,
  "val_rmse": 1.3162221408602897,
  "val_mae": 1.0432420103188038,
  "val_r2": -0.3684573813128649,
  "val_pearson_r": 0.09453451678164411,
  "val_spearman_rho": 0.08513270625114641,
  "test_rmse": 1.136083369041174,
  "test_mae": 0.8970826892730518,
  "test_r2": -0.01235381026012905,
  "test_pearson_r": 0.3045863917647187,
  "test_spearman_rho": 0.2661140878355258,
  "test_auroc": 0.6340113274989234,
  "test_auprc": 0.7400737942148539,
  "test_precision_at_100": 0.84,
  "test_precision_at_500": 0.782,
  "test_ef_1pct": 1.2378972062273406,
  "test_ef_5pct": 1.2816882204252018
}