{
  "model": "mlp",
  "split": "random",
  "features": "morgan_fingerprint",
  "training_seed": null,
  "output_suffix": "_esm92",
  "train_time_seconds": 70.6,
  "n_train": 54321,
  "n_val": 6790,
  "n_test": 6791,
  "val_rmse": 0.8070928239279099,
  "val_mae": 0.6105142369284305,
  "val_r2": 0.6175411762905488,
  "val_pearson_r": 0.7884835007423039,
  "val_spearman_rho": 0.7702880159061847,
  "test_rmse": 0.8345424877969738,
  "test_mae": 0.6242724758423321,
  "test_r2": 0.5943645376858184,
  "test_pearson_r": 0.7754503582803057,
  "test_spearman_rho": 0.7537049885570417,
  "test_auroc": 0.8550733752620545,
  "test_auprc": 0.9629622993113228,
  "test_precision_at_100": 1.0,
  "test_precision_at_500": 0.996,
  "test_ef_1pct": 1.2072888888888889,
  "test_ef_5pct": 1.20016624057686
}