{
  "model": "mlp",
  "split": "scaffold",
  "features": "morgan_fingerprint",
  "training_seed": null,
  "output_suffix": "_esm92",
  "train_time_seconds": 65.2,
  "n_train": 54325,
  "n_val": 6790,
  "n_test": 6787,
  "val_rmse": 0.8726145588128463,
  "val_mae": 0.6746226610978513,
  "val_r2": 0.5657312301562927,
  "val_pearson_r": 0.7540429204539645,
  "val_spearman_rho": 0.7332800569429784,
  "test_rmse": 0.8913553719128456,
  "test_mae": 0.6824490677983572,
  "test_r2": 0.5379328009493682,
  "test_pearson_r": 0.736275852602794,
  "test_spearman_rho": 0.7172515515056679,
  "test_auroc": 0.8285835699966588,
  "test_auprc": 0.9528292253324003,
  "test_precision_at_100": 1.0,
  "test_precision_at_500": 1.0,
  "test_ef_1pct": 1.239634703196347,
  "test_ef_5pct": 1.239634703196347
}