{
  "model": "random_forest",
  "split": "random",
  "features": "morgan_fingerprint",
  "training_seed": null,
  "output_suffix": "_esm92",
  "train_time_seconds": 19.9,
  "n_train": 54321,
  "n_val": 6790,
  "n_test": 6791,
  "val_rmse": 0.7671339989237332,
  "val_mae": 0.589165069142376,
  "val_r2": 0.6544744436913756,
  "val_pearson_r": 0.8122141028181931,
  "val_spearman_rho": 0.7973378249630126,
  "test_rmse": 0.7860369633859088,
  "test_mae": 0.5956986668211164,
  "test_r2": 0.6401471472629359,
  "test_pearson_r": 0.8020338943035735,
  "test_spearman_rho": 0.7851897324493512,
  "test_auroc": 0.8703136268343815,
  "test_auprc": 0.9681005580336928,
  "test_precision_at_100": 1.0,
  "test_precision_at_500": 0.998,
  "test_ef_1pct": 1.2072888888888889,
  "test_ef_5pct": 1.2072888888888889
}