{
  "model": "random_forest",
  "split": "scaffold",
  "features": "morgan_fingerprint",
  "training_seed": null,
  "output_suffix": "_esm92",
  "train_time_seconds": 20.0,
  "n_train": 54325,
  "n_val": 6790,
  "n_test": 6787,
  "val_rmse": 0.8445671256948538,
  "val_mae": 0.6498542931109306,
  "val_r2": 0.5931989783948162,
  "val_pearson_r": 0.782723672526585,
  "val_spearman_rho": 0.7656638769901161,
  "test_rmse": 0.871518064484785,
  "test_mae": 0.6676025626299488,
  "test_r2": 0.5582707532938589,
  "test_pearson_r": 0.7674263432855168,
  "test_spearman_rho": 0.7532129353349339,
  "test_auroc": 0.8367993373426886,
  "test_auprc": 0.955801517867838,
  "test_precision_at_100": 1.0,
  "test_precision_at_500": 1.0,
  "test_ef_1pct": 1.239634703196347,
  "test_ef_5pct": 1.239634703196347
}