{
  "model": "random_forest",
  "split": "target",
  "features": "morgan_fingerprint",
  "training_seed": null,
  "output_suffix": "_esm92",
  "train_time_seconds": 18.6,
  "n_train": 52772,
  "n_val": 12686,
  "n_test": 2444,
  "val_rmse": 1.1153374847032809,
  "val_mae": 0.8903114513654018,
  "val_r2": 0.017380249362364042,
  "val_pearson_r": 0.25824808536083077,
  "val_spearman_rho": 0.22849996976707945,
  "test_rmse": 1.0166671388201083,
  "test_mae": 0.8197096956548059,
  "test_r2": 0.1892826081341913,
  "test_pearson_r": 0.44215512677646235,
  "test_spearman_rho": 0.3986282248195641,
  "test_auroc": 0.6825435383946149,
  "test_auprc": 0.7699297996708172,
  "test_precision_at_100": 0.88,
  "test_precision_at_500": 0.812,
  "test_ef_1pct": 1.1727447216890596,
  "test_ef_5pct": 1.3714063958549658
}