{
  "model": "xgboost",
  "split": "scaffold",
  "features": "morgan_fingerprint",
  "training_seed": null,
  "output_suffix": "_esm92",
  "train_time_seconds": 24.2,
  "n_train": 54325,
  "n_val": 6790,
  "n_test": 6787,
  "val_rmse": 0.8539019993480453,
  "val_mae": 0.655586347485304,
  "val_r2": 0.5841566601035013,
  "val_pearson_r": 0.7706914092164414,
  "val_spearman_rho": 0.7487342783041308,
  "test_rmse": 0.866011135826585,
  "test_mae": 0.6640696293680755,
  "test_r2": 0.5638354939639869,
  "test_pearson_r": 0.7623228625059819,
  "test_spearman_rho": 0.7410777367386531,
  "test_auroc": 0.8335157729145783,
  "test_auprc": 0.9541650866147965,
  "test_precision_at_100": 1.0,
  "test_precision_at_500": 1.0,
  "test_ef_1pct": 1.239634703196347,
  "test_ef_5pct": 1.239634703196347
}