{
  "model": "xgboost",
  "split": "target",
  "features": "morgan_fingerprint",
  "training_seed": null,
  "output_suffix": "_esm92",
  "train_time_seconds": 23.8,
  "n_train": 52772,
  "n_val": 12686,
  "n_test": 2444,
  "val_rmse": 1.131179192568799,
  "val_mae": 0.899493534409049,
  "val_r2": -0.01073128429347836,
  "val_pearson_r": 0.2388246395870663,
  "val_spearman_rho": 0.22668538518933265,
  "test_rmse": 1.0437329973767544,
  "test_mae": 0.8481612136748425,
  "test_r2": 0.14554195184172913,
  "test_pearson_r": 0.3907658087723702,
  "test_spearman_rho": 0.3416457682741166,
  "test_auroc": 0.6589466399129122,
  "test_auprc": 0.7588417003432103,
  "test_precision_at_100": 0.89,
  "test_precision_at_500": 0.802,
  "test_ef_1pct": 1.3030496907656217,
  "test_ef_5pct": 1.3842232780592179
}