{
  "model": "xgboost",
  "split": "random",
  "features": "morgan_fingerprint",
  "training_seed": null,
  "output_suffix": "_esm92",
  "train_time_seconds": 26.6,
  "n_train": 54321,
  "n_val": 6790,
  "n_test": 6791,
  "val_rmse": 0.7846970289695593,
  "val_mae": 0.612240831089773,
  "val_r2": 0.6384721738856043,
  "val_pearson_r": 0.8007415126297257,
  "val_spearman_rho": 0.7814823985273265,
  "test_rmse": 0.7967086565826909,
  "test_mae": 0.6137534384811568,
  "test_r2": 0.6303096763121898,
  "test_pearson_r": 0.7951141922539349,
  "test_spearman_rho": 0.774248674446648,
  "test_auroc": 0.8629790737564322,
  "test_auprc": 0.9662713564065625,
  "test_precision_at_100": 1.0,
  "test_precision_at_500": 1.0,
  "test_ef_1pct": 1.2072888888888889,
  "test_ef_5pct": 1.2072888888888889
}